topicFilter,qos
sdk/test/Python,0

format,payload.message,payload.sequence,qos,timestamp,topic
json,Hello World!,22,0,1550085589664,sdk/test/Python
json,Hello World!,23,0,1550085590725,sdk/test/Python
json,Hello World!,24,0,1550085591814,sdk/test/Python
json,Hello World!,25,0,1550085592866,sdk/test/Python
json,Hello World!,26,0,1550085594330,sdk/test/Python
json,Hello World!,27,0,1550085595006,sdk/test/Python
json,Hello World!,28,0,1550085596077,sdk/test/Python
json,Hello World!,29,0,1550085597156,sdk/test/Python
json,Hello World!,30,0,1550085598221,sdk/test/Python
json,Hello World!,31,0,1550085599299,sdk/test/Python
json,Hello World!,32,0,1550085600354,sdk/test/Python
json,Hello World!,33,0,1550085601429,sdk/test/Python
json,Hello World!,34,0,1550085602502,sdk/test/Python
json,Hello World!,35,0,1550085603557,sdk/test/Python
json,Hello World!,36,0,1550085604649,sdk/test/Python
json,Hello World!,37,0,1550085605822,sdk/test/Python
json,Hello World!,38,0,1550085606888,sdk/test/Python
json,Hello World!,39,0,1550085608066,sdk/test/Python
json,Hello World!,40,0,1550085609083,sdk/test/Python
json,Hello World!,41,0,1550085610185,sdk/test/Python
json,Hello World!,42,0,1550085611316,sdk/test/Python
json,Hello World!,43,0,1550085612384,sdk/test/Python
json,Hello World!,44,0,1550085613512,sdk/test/Python
json,Hello World!,45,0,1550085614556,sdk/test/Python
json,Hello World!,46,0,1550085615634,sdk/test/Python
json,Hello World!,47,0,1550085616749,sdk/test/Python
json,Hello World!,48,0,1550085617814,sdk/test/Python
json,Hello World!,49,0,1550085618887,sdk/test/Python